Benedicto College ,,,,,,
Foreign References ,,,,,,
"As of March 16, 2023",,,,,,
,,,,,,
AUTHOR,TITLE,COPYRIGHT ,PUBLISHER,NO. OF COPIES,,
000-099,,,,,,
"Cohen, Daniel I.A.","Introduction to Computer Theory, 2nd ed.",1997,John Wiley & Sons,1,,
"Long, Larry","Introduction to Computers & Information Processing, 2nd ed.",1988,Prentice Hall,1,,
"O’Leary, Timothy J.",Computing Essentials ,2008,McGraw-Hill ,1,,
"Stallings, William","Operating Systems: Internal and Design Principles, 7th ed.",2013,Pearson Education ,1,,
"Zwass, Vladimir",Introduction to Computer Science ,1981,Barnes & Noble Books,1,,
"Siegel, Charles",Mastering FoxPro 2.6,1993,Sybex Inc.,3,,
"Brey, Barry B.","The Intel Microprocessors, 5th ed.",2001,Pearson Education ,3,,
Deitel,"Visual Basic . Net, 2nd ed.",2002,Prentice Hall,1,,
"Elmasri, Ramez","Database Systems, 6th ed.",2011,Pearson Education ,1,,
"Farrell, Joyce","Programming Logic and Design Comprehensive, 3rd ed.",2006,Course Technology ,1,,
"Hoffer, Jeffrey A.","Modern Database Management, 7th ed.",2005,Pearson Education ,1,,
"Shelly, Gary B.",Microsoft Visual Basic 2010,2011,Cengage Learning ,1,,
"Abel, Peter","IBM PC Assembly Language and Programming, 5th ed.",2002,Pearson Education ,1,,
Deitel,"C++ How To Program, 5th ed.",2006,Pearson Education ,1,,
"Drozdek, Adam","Data Structures and Algorithms in Java, 2nd ed.",2007,Course Technology ,1,,
"Forouzan, Behrouz A.",Foundations of C Programming ,2014,Cengage Learning ,1,,
"Ritchie, Dennis M.","The C Programming Language, 2nd ed.",2012,Pearson Education ,2,,
"Malik, D.S.",Java Programming From Problem Analysis to Program Design,2012,Cengage Learning ,2,,
"Malik, D.S.","Creating Data Structures in C++, 2nd ed.",2002,Cengage Learning ,1,,
"Robbins, Judd","Mastering Dos 6.2, 2nd ed.",1994,Sybex Inc.,1,,
"Savitch, Walter","Absolute C++ Programming, 2nd ed.",2006,Pearson Education ,1,,
"Larsen, Glenn H.",Dos Quecards,1988,Que Corporation ,1,,
"Miller, Michael A.",Data and Network Communications ,2000,Delmar,1,,
"Rennie, Cindy",cc:Mail Plain & Simple,1994,Sybex Inc.,1,,
"Lammle, Todd",MCSE Test Success: Networking Essentials,1998,Sybex Inc. ,1,,
"Kendall, Kenneth E.","Systems Analysis and Design, 5th ed.",2002,Pearson Education ,3,,
"Kendall, Kenneth E.","Systems Analysis and Design, 8th ed.",2012,Pearson Education ,2,,
"Rosenblatt, Harry J.",Understanding Systems Analysis and Design,2013,Cengage Learning ,2,,
"Capron, H.L.","Computers: Tools for an Information Age, 2nd ed.",1990,The Benjamin/Cummings ,1,,
"Norton, Peter","Introduction to Computers, 2nd ed.",1997,Glencoe/McGraw-Hill,1,,
"Sawyer, Stacy C.","Using Information Technology: Brief Version, 3rd ed.",1999,McGraw-Hill ,1,,
"Williams, Brian K.",Using Information Technology ,1995,Irwin Inc.,1,,
"Johnson, Jerry","Discovering Calculus with Derive, 2nd ed.",1995,John Wiley & Sons,1,,
"Andrews, Jean","A+ Guide to Managing and Maintaining Your PC with Lab Exercises, 2nd ed.",2012,Cengage Learning ,1,,
"Parsons, June",Computer Concepts 2013-2014 Comprehensive ,2014,Cengage Learning ,1,,
"Kendall, Kenneth E.","Systems Analysis and Design, 9th ed.",2014,Pearson Education ,2,,
"Silver, Gerald A.",Systems Analysis and Design ,1989,Addison-Wesley Publishing ,3,,
"Moncrieff, Alison (ed.)","Networking Complete, 2nd ed.",2001,"Sybex, Inc.",1,,
"Halsall, Fred","Data Communications, Computer Networks and Open Systems, 4th ed.",1996,Addison-Wesley Publishing ,1,,
"Giudice, Maria",Web Design Essentials ,2000,Adobe Press,2,,
"Randall, Neil",Using HTML ,1996,Que Corporation ,3,,
"Berge, Susan (ed.)","HTML Complete, 2nd ed.",2000,Sybex Inc.,2,,
"McDorman, Dann (ed.)","Internet Complete, 2nd ed.",2000,Sybex Inc.,3,,
"Jenkins, Neil","Understanding Local Area Networks, 5th ed.",1995,Sams Publishing ,1,,
"Martin, James","Local Area Networks: Architecture and Implementations, 2nd ed.",,Prentice-Hall International ,1,,
"Parker, Timothy","Teach Yourself: TCP/IP in 14 days, 2nd ed.",1996,Sams Publishing ,1,,
"Schnaidt, Patricia ",LAN Tutorial ,1993,Miller Freeman Publications ,1,,
"Bigelow, Stephen J.",Troubleshooting Pocket Reference ,2000,McGraw-Hill ,1,,
"Eggen, Roger",An Introduction to Computer Science using C,1994,PWS Publishing ,1,,
"Parsons, June Jamrich","New Perspectives on Computer Concepts, 9th ed.",2007,Course Technology ,1,,
"Pressman, Roger S.","Software Engineering: A Practitioners Approach, 3rd ed.",1992,McGraw-Hill ,3,,
"Sommerville, Ian","Software Engineering, 5th ed.",1997,Addison-Wesley ,2,,
"Vaswani, Vikram",How To Do Everything with PHP & MySQL,2005,McGraw-Hill ,1,,
"Baum, Davina (ed.)",Visual Basic 6 Complete ,1999,"Sybex, Inc.",3,,
"Rahmel, Dan",Teach Yourself Database in Programming with Visual Basic 6 in 24 Hours,1999,Sams Publishing ,3,,
"McFedries, Paul",The First Book of Quicken 6,1992,Alpha Books,1,,
"Doyle, Barbara",C# Programming,2012,Cengage Learning ,1,,
"Pratt, Philip J.","A Guide to SQL, 5th ed.",2001,Course Technology ,3,,
"Serbesa, Robert W.","Concepts of Programming Languages, 4th ed.",1999,Addison-Wesley ,3,,
"Shelly, Gary B.",Microsoft Visual Basic 6: Complete Concepts and Techniques ,1999,Course Technology ,2,,
"Malik, D.S.","Java Programming: From Problem Analysis To Program Design, 2nd ed.",2007,Course Technology ,1,,
"Weiss, Mark Allen",Data Structures and Algorithm Analysis in C,1993,Benjamin/Cummings,3,,
"Dos Reis, Anthony J.",Computer Architecture and Assembly Language ,2012,Cengage Learning ,2,,
"Hanly, Jeri R.","Problem Solving and Program Design in C, 2nd ed.",1996,Addison-Wesley ,1,,
"Horstmann, Cay",Computing Concepts with JAVA Essentials ,1998,John Wiley & Sons,3,,
"Joshi, Daniel I.","The Java 1.1 Programmer's Reference, 1st ed.",1997,Ventana Communications,1,,
"Kelley, Al ","C by Dissection, 4th ed.",2001,Pearson Education ,3,,
"Lippman, Stanley B.","C++ Primer, 3rd ed.",1999,AT&T,1,,
"Stern, Nancy","Structured COBOL Programming, 9th ed.",2000,John Wiley & Sons,3,,
"Farrell, Joyce",An Object-Oriented Approach to Programming Logic and Design ,2013,Cengage Learning ,3,,
"Farrell, Joyce ","Programming: Logic and Design Introductory, 8th ed.",2015,Cengage Learning ,2,,
"Liskin, Miriam","Visual FoxPro Expert Solutions, V.1",1995,Que Corporation ,1,,
"Liskin, Miriam","Visual FoxPro Expert Solutions, V.2",1995,Que Corporation ,2,,
"Naismith, Earl",The Student Edition of Execustat,1991,PWS-KENT Publishing ,1,,
"Anderson-Freed, Susan","Weaving A Website: Programming In HTML, JavaScript™, Pero, and Java™",2002,Pearson Education ,1,,
"Gosselin, Don",PHP Programming with MySQL,2014,Cengage Learning ,2,,
"Hayen, Roger",Lotus 1-2-3 Release 5 for Windows,1995,Course Technology ,1,,
"Wallace, Rick",Quark Xpress for Macintosh Special ed.,1994,Que Corporation ,1,,
"Glosserman, Phil",Quarterdeck Expanded Memory Manager,1992,Quarterdeck Office Systems ,1,,
"Harrison, Bill Jr.",The Lotus Guide to LotusWorks,1992,Brady Publishing ,1,,
"Bucki, Lisa A.",Microsoft Excel 97 Power Toolkit ,1997,Ventana Communications ,1,,
Microsoft Corp.,Microsoft Workgroup Add-On for Windows User's Guide,1991,Monotype Corporation ,1,,
"Penrod, Samantha ",Acumen Series Windows 3.1,1995,Boyd & Fraser,1,,
"Dyson, Peter",UNIX Complete ,1999,Sybex Inc.,3,,
"Coleman, Pat (ed.)","Perl, CGI, and JavaScript Complete, 1st ed.",2000,Sybex Inc.,1,,
"Holzner, Steven",Advanced Assembly Language ,1991,Brady Books,2,,
"Williams, Dave","The Programmer's Technical Reference: MS-DOS, IBM PC & Compatibles",1993,Tech Publications ,1,,
"Silberschatz, Abraham","Operating System Concepts, 5th ed.",1988,Addison-Wesley ,3,,
NOVELL,NetWare Peer-to-Peer Operating System ,,NOVELL,1,,
"Shelly, Gary B.",Learning to Use Windows Applications: Microsoft Access 2 for Windows ,1995,Boyd & Fraser ,3,,
"Solomon, David B.","Inside Windows NT, 2nd ed.",1998,Microsoft Press,1,,
"Malik, D.S.",Data Structures in Java,2012,Cengage Learning ,2,,
"Goodrich, Michael T.","Data Structures and Algorithms in Java, 2nd ed.",2001,John Wiley & Sons,3,,
"Rolland, F.D.",SQL: Step-by-Step,1996,ITCP,3,,
"Coronel, Carlos",Data Base Principles,2012,Cengage Learning ,1,,
"Garcia-Molina, Hector","Data Base Systems: The Complete Book, 2nd ed.",2011,Pearson Education ,1,,
"Hoffer, Jeffrey A.","Modern Database Management, 11th ed.",2014,Pearson Education ,2,,
"Silberschatz, Abraham ","Database System Concepts, 5th ed.",2006,McGraw-Hill ,1,,
"Folk, Michael J.",File Structures: An Object-Oriented Approach with C++,1999,Addison-Wesley Publishing ,3,,
"Connolly, Thomas ","Database Systems, 2nd ed.",1999,Addison-Wesley Publishing ,3,,
"Connolly, Thomas ","Database Systems, 3rd ed.",2003,Pearson Education ,1,,
"Elmasri, Ramez ","Fundamentals of Database Systems, 5th ed.",2007,Pearson Education ,1,,
"Hamit, Francis ","Virtual Reality and the Exploration of Cyberspace, 1st ed.",1993,Sams Publishing ,1,,
"Luger, George F.","Artificial Intelligence: Structures and Strategies for Complex Problem Solving, 4th ed. ",2003,Pearson Education ,1,,
"Shuman, Jim",Multimedia Concepts-Enhanced Edition ,2012,Cengage Learning ,2,,
"Weadock, Emily S.",Flash 5 for Dummies Quick Reference ,2001,IDG Books,1,,
"Coorough, Calleen",Multimedia for the Web Revealed: Creating Digital Excitement ,2008,Thomson Course ,1,,
"Vodnik, Sasha ",HTML 5 and CSS3 Introductory ,2014,Cengage Learning ,2,,
Smithsonian Institution ,The Smithsonian Experience ,1977,Smithsonian Institution ,1,,
"Vishwendra, Anant C.",Crime Journalism,2012,Random Publications ,1,,
"Vishwendra, Anant C.",Multimedia Journalism ,2012,Random Publications ,1,,
"Saxena, Pawan K.",Arts of News Editing ,2012,Random Publications ,1,,
"Sharma, Ajay K.",Tools and Techniques of Journalism,2012,Random Publications ,2,,
"Stephens, Mitchell ","Broadcast News, 2nd ed",1986,CBS College ,2,,
,,,,,,
100-199,,,,,,
"Atkinson, Rita L.","Introduction to Psychology, 13th ed.",2000,"Harcourt, Inc.",3,,
"Huffman, Karen","Psychology in Action, 2nd ed.",1991,"John Wiley & Sons, Inc.",1,,
"Smith, Edward E.","Introduction to Psychology, 14th ed.",2003,Wadsworth ,3,,
"Morgan, Clifford T.","Introduction to Psychology, 7th ed.",1986,McGraw-Hill ,1,,
"Myers, David G.","Psychology, 1st ed.",1987,Worth Publishers,1,,
"Rathus, Spencer A.","Psychology, 2nd ed.",2012,Cengage Learning ,1,,
"Santrock, John W.","Life-Span Development, 12th ed.",2009,McGraw-Hill ,1,,
"Hall, Calvin S.","Theories of Personality, 4th ed.",1998,John Wiley & Sons,2,,
"Cohen, Ronald Jay","Exercises in Psychological Testing and Assessment, 7th ed.",2010,McGraw-Hill ,1,,
"Bransford, John D.",The Ideal Problem Solver,1984,W.H. Freeman,1,,
"Covey, Stephen R.",The Seven Habits of Highly Effective People,1990,Fireside,1,,
"Robbins, Alexandra",Quarterlife Crisis,2001,Tarcher/Putnam,1,,
"Weaver, Richard L. ","Understanding Interpersonal Communication, 5th ed.",1990,"Scott, Foresman and Company",1,,
"Bachhuber, Andrew H.",Introduction to Logic,1966,Meredith Publishing ,2,,
"Reynolds, George","Principles of Ethics in Information Technology, 4th ed.",2013,Cengage Learning ,2,,
"Shannon, Thomas A. (ed.)","Bioethics, 3rd ed.",1987,Paulist Press,1,,
"Burkhardt, Margaret A.","Ethics & Issues in Contemporary Nursing, 2nd ed.",2002,Delmar,2,,
"Hartman, Laura P.","Perspectives in Business Ethics, 3rd ed.",2005,McGraw-Hill ,1,,
"Velasquez, Manuel G.","Business Ethics: Concepts and Cases, 7th ed.",2012,Pearson Education ,2,,
"Duquenoy, Penny","Ethical, Legal and Professional Issues in Computing",2008,Cengage Learning ,1,,
"Martin, Mike W.","Ethics in Engineering, 4th ed.",2005,McGraw-Hill ,1,,
"Brinkman, William John ",Computer Ethics ,2012,Cengage Learning ,2,,
,,,,,,
300-399,,,,,,
"Ember, Melvin","Human Evolution and Culture: Highlights of Anthropology, 6th ed.",2011,Pearson Education ,1,,
"Holmes, Richard (ed.)",Fundamentals of Sociology ,1988,"Holt, Rinehart and Winston",1,,
"Kotak, Conrad Phillip ","Anthropology: The Exploration of Human Diversity, 8th ed.",2000,McGraw-Hill ,1,,
"Preston, Frederick W.","Sociology: A Contemporary Approach, 3rd ed.",1989,Allyn & Bacon,1,,
"Schaefer, Richard T.","Sociology, 9th ed.",2005,McGraw-Hill ,3,,
"Czerny, Michael","Getting Started on Social Analysis in Canada, 2nd ed.",1988,Between The Lines,1,,
"Burton, Graeme",Media and Society: Critical Perspectives ,2005,McGraw-Hill ,1,,
"Baran, Stanley J.","Introduction to Mass Communication, 6th ed.",2010,McGraw-Hill ,1,mass-com,NEED COPY(CHED)
"Bryant, Jennings","Fundamentals of Media Effects, 1st ed.",2002,McGraw-Hill ,1,,
"Dominick, Joseph R.","The Dynamics of Mass Communications, 8th ed.",2005,McGraw-Hill ,1,mass-com,NEED COPY(CHED)
"Dominick, Joseph R.","The Dynamics of Mass Communications, 10th ed.",2009,McGraw-Hill ,1,mass-com,NEED COPY(CHED)
"Jones, Steven G.",Cybersociety: Computer-Mediated Communication and Community ,1995,Sage Publications ,1,,
"Briggs, Adam (ed.)","The Media: An Introduction, 2nd ed.",2002,Pearson Education ,1,,
"Griffin, Em","A First Look at Communication Theory, 8th ed.",2013,McGraw-Hill ,1,,
"Rivers, William L.",The Mass Media Reporting...Writing... Editing ,1964,Harper & Row,1,,
"Roy, Barun",Enter the World of Mass Media,2009,Pustak Mahal,1,,
"Fang, Irving",A History of Mass Communication Six Information Revolutions,1997,Butterworth-Heinemann,1,mass-com,NEED COPY(CHED)
"Roane, Susan",The Secrets of Savvy Networking ,1993,"Warner Books, Inc.",1,,
"Sacco, Vincent F. (ed.)",Deviance: Conformity and Control in Canadian Society ,1988,Prentice-Hall Canada ,1,,
"Bridgestock, Martin","Science, Technology and Society: An Introduction ",2000,Cambridge University Press,1,,
"Easterbrook, Gregg","The Progress Paradox, 1st ed.",2003,Random House,1,,
"McGinn, Robert E.","Science, Technology, and Society ",1977,Lewis Thomas ,1,,
"Ackerman, Diane",The Human Age,2014,"W.W. Norton & Company, Inc.",1,,
"Friday, Nancy",The Power of Beauty,1996,Harper Collins ,1,,
"Robinson, Randall ",The Reckoning: What Blacks Owe To Each Other,2002,Penguin Group,1,,
"Baker, Maureen",The Family: Changing Trends in Canada ,1984,McGraw-Hill ,1,,
"Landes, Ronald G.","The Canada Polity: A Comparative Introduction, 2nd ed.",1987,Prentice-Hall,1,,
"Richard, Theresa M. (ed.)",Foundations of Democracy,1998,Center for Civic Education ,1,,
"Daschle, Tom",Like No Other Time,2003,Crown Publishers ,1,,
"Baumol, William J.","Economics: Principles and Policy, 8th ed.",2000,"Harcourt, Inc.",1,,
"Hubbard, R. Glenn","Economics, 4th ed.",2013,Pearson Education ,1,,
"Lipsey, Richard G.","Economics, 5th ed.",1985,Harper & Row Publications ,1,,
"Lipsey, Richard G.","Economics, 6th ed.",1988,Harper & Row,1,,
"Slavin, Stephen L.","Economics, 4th ed.",1996,Irwin Book Team,1,,
"Haitani, Kanji",Comparative Economic Systems Organizational and Managerial Perspectives ,1986,Prentice-Hall ,2,,
"Mayo, Herbert B.",Basic Finance ,2012,Cengage Learning ,1,,
"Toder, Aaron","Economics in Everyday Life, 2nd ed.",2007,Lang Road Associates,1,,
"Kotler, Philip ",Confronting Capitalism,2015,AMACOM,1,,
"Glassman, Alan M.",Industrial Relations ,1985,"Scott, Foresman and Company ",1,,
"Besley, Scott",Basic Finance ,2013,Cengage Learning ,1,,
"Mayo, Herbert B.","Basic Finance, 9th ed.",2007,Thomson ,1,,
"Mayo, Herbert B.",Basic Finance ,2012,Cengage Learning ,1,,
"Lanchester, John",How To Speak Money,2014,Faber & Faber Ltd.,1,,
"Smith, Philip ",The Trust-Builders: The Remarkable Rise of Canada Trust,1989,Macmillan of Canada ,1,,
"Poffenberger, Mark",Communities and Forest Stewardship ,2006,Asia Forest Network ,1,,
"Durrell, Lee",State of the Ark,1986,Gaia Books,1,,
"Krugman, Paul R.","International Economics, 5th ed.",2000,Addison-Wesley Publishing ,1,,
"Getzen, Thomas E.",Health Economics: Fundamentals of Flow of Funds,1997,John Wiley & Sons,1,,
"Mancini, Marc","Selling Destinations: Geography for the Travel Professional, 5th ed.",2010,Delmar ,1,,
"MacMillan, Alexander ","Micro Economics, 3rd ed.",1989,Prentice-Hall ,1,,
"McConnell, Campbell R.","Microeconomics, 4th ed.",1987,McGraw-Hill ,1,,
"Walstad, William B.","Study Guide to Accompany: Micro Economics, 7th ed.",1996,McGraw-Hill ,1,,
"Dornbusch, Rudiger ",Macroeconomics: 12th ed.,2014,McGraw-Hill ,2,,
"Dornbusch, Rudiger ","Macroeconomics, 10th ed.",2008,McGraw-Hill ,2,,
"McConnell, Campbell R.","Macroeconomics, 4th ed.",1987,McGraw-Hill ,1,,
"MacMillan, Alexander ","Macroeconomics, 3rd ed.",1989,Prentice-Hall ,1,,
"Slavin, Stephen L.","Macroeconomics, 8th ed.",2008,McGraw-Hill ,1,,
"Caputo, Tullio",Law and Society: A Critical Perspective,1989,Harcourt Brace ,1,,
"Browne, M. Neil",Business Law,2009,McGraw-Hill ,1,,
"Asplund, Thomas","The Law and Business Administration in Canada, 5th ed.",1987,Prentice-Hall ,1,,
"Gordon, Barbara",Jennifer Fever Older Men/ Younger Women,1988,Harper & Row,1,,
"Girard, Linda W.",Who Is a Stranger and What Should I Do?,1985,Albert Whitman & Company ,1,,
"Zimbelman, Mark F.","Forensic Accounting, 4th ed.",2012,South-Western Cengage Learning ,1,,
"Cunningham, William P.","Environmental Science, 7th ed.",2003,McGraw-Hill ,1,,
"Enger, Eldon D.","Environmental Science, 9th ed.",2004,McGraw-Hill ,1,,
"Schultz, Fred (ed.)","Multicultural Education, 14th ed.",2008,McGraw-Hill ,1,,
"Padilla, Edward John C.",#1 English Major's Guide,2013,MET Review Publishing ,1,,
"Sliter, Rick",Cracking the CBest,1999,Princeton Review Publishing ,1,,
"Sherman, Jane",Feedback: Essential Writing Skills for Intermediate Students,1994,Oxford University Press ,1,,
"Bennett, Albert B. Jr.","Mathematics for Elementary Teachers: An Activity Approach, 7th ed.",2007,McGraw-Hill ,1,,
"Feldman, Robert S.","Power Learning, 4th ed.",2009,McGraw-Hill ,1,,
"Bretton, Henry L.",International Relations in the Nuclear Age,1986,State University of New York Press,2,,
,,,,,,
400-499,,,,,,
"Fromkin, Victoria ",Introduction to Linguistics ,2010,Cengage Learning ,1,,
"Nunan, David",Second Language Teaching & Learning ,2009,Cengage Learning ,1,,
"Elliot, Madelaine",English the Easy Way,1990,Nelson Canada,2,,
,Rightwriter: User's Manual,NC,Que Corporation ,1,,
"Clark, Lyn R.","Business English and Communication, 4th ed.",1990,McGraw-Hill ,3,,
"Bourdages, Johanne S.",Pleins Feux Sur La Compréhension,1992,"Holt, Rinehart and Winston",1,,
,,,,,,
500-599,,,,,,
NCTM,Professional Standards for Teaching Mathematics,1991,NCTM,1,Professional books ,NEED COPY(CHED) for evaluation
"Barnett, Raymond A.",College Mathematics with Technology ,1997,Prentice-Hall ,1,,
"Epp, Susanna S.",Discrete Mathematics ,2012,Cengage Learning ,1,,
"Wheeler, Ruric E.","Modern Mathematics, 9th ed.",1995,Brooks/Cole Publishing ,1,,
"Copi, Irving M.","Symbolic Logic, 5th ed.",1979,Macmillan Publishing ,2,,
"Rubin, Jean E.",Mathematical Logic: Applications and Theory,1990,Saunders,1,,
"Hart, William L.","Mathematics of Investment, 5th ed.",1975,D.C. Health and Company ,1,,
"Aufmann, Richard N.",Basic Mathematics ,2013,Cengage Learning ,1,,
"Johnsonbaugh, Richard ","Discrete Mathematics, 3rd ed.",1993,Macmillan ,2,,
"Malik, D.S.",Discrete Mathematics: Theory and Applications ,2014,Cengage Learning ,1,,
"Huinker, DeAnn M.",Investigations in Mathematics for Elementary Teachers ,1991,D.C. Health and Company ,1,,
"Fuller, Gordon","College Algebra, 4th ed.",1977,Litton Educational ,1,,
"Hart, William L.","College Algebra, 4th ed.",1964,D.C. Health and Company ,1,,
"Johnston, C.L.","Essential Algebra, 6th ed.",1991,Wadsworth ,1,,
"Larson, Ron",College Algebra ,2014,Cengage Learning ,1,,
"Cohen, David","Algebra and Trigonometry, 3rd ed.",1992,West Publishing Co.,1,,
"Cohen, David","Pre Calculus with Unit-Circle Trigonometry, 3rd ed.",1998,Brooks/Cole,1,,
"Leithold, Louis",Trigonometry ,1989,Addison-Wesley ,5,,
"Leithold, Louis",College Algebra ,1989,Addison-Wesley ,2,,
"Munem, M.A.","Study Guide to Accompany Algebra and Trigonometry with Applications, 2nd ed.",1986,Worth Publishers ,1,,
"Stewart, James","Calculus Metric Edition, 7th ed.",2013,Cengage Learning ,1,,
"Stewart, James","Algebra and Trigonometry, 2nd ed.",2007,Brooks/Cole,3,,
"Sullivan, Michael ","College Algebra and Trigonometry, 2nd ed.",1990,Dellen Publishing ,1,,
"Heuvers, Konrad J.",Linear Algebra for Calculus,1991,Wadsworth ,1,,
"Larson, Ron",Linear Algebra ,2012,Cengage Learning ,1,,
"Pelletier, Donald H.",Linear Algebra: A Comprehensive Introduction ,1986,Prentice-Hall ,1,,
"Williams, Gareth","Linear Algebra with Applications, 2nd ed.",1991,Wm. C. Brown,1,,
"Bittinger, Marvin L.","Intermediate Algebra: Concepts and Applications, 4th ed.",1995,Addison-Wesley ,1,,
"Keedy, Mervin L.","Introduction Algebra, 4th ed.",1983,Addison-Wesley ,1,,
"Keedy, Mervin L.","A Problem-Solving Approach to Intermediate Algebra, 2nd ed.",1986,Addison-Wesley ,1,,
"Keedy, Mervin L.","Introductory Algebra Teacher's Edition, 6th ed.",1991,Addison-Wesley ,1,,
"Nanney, J. Louis",Preparation for Algebra ,1993,Wm. C. Brown,1,,
"Stewart, James ",College Algebra ,2011,Cengage Learning ,1,,
"Dubisch, Roy","Basic Concepts of Mathematics for Elementary Teachers, 2nd ed.",1981,Addison-Wesley ,1,,
"Barnett, Raymond A.","Calculus: For Business, Economics, Life Science, and Social Sciences, 9th ed.",2003,Pearson Education ,3,,
"Coughlin, Raymond F.",Calculus with Applications ,1989,Saunders,1,,
"Leithold, Louis ",The Calculus 7,2002,Pearson Education ,1,,
"Lial, Margaret L.","Calculus with Applications Brief Version, 10th ed.",2012,Pearson Education ,1,,
"Draper, Jean E.","Mathematical Analysis Business and Economic Applications, 2nd ed.",1972,Harper & Row,1,,
"Borrelli, Robert L.",Differential Equations: A Modeling Perspective ,1998,John Wiley & Sons,1,,
"Zill, Dennis G.","Succeeding with Differential Equations, 8th ed.",2013,Cengage Learning ,1,,
"Marsden, Jerrold E.","Vector Calculus, 3rd ed.",1988,W. H. Freeman and Company ,1,,
"Brant, Shoko A.",Intermediate Algebra: A Functional Approach ,1996,HarperCollins ,1,,
"Ostebee, Arnold","Calculus from Graphical, Numerical, and Symbolic Points of View, V.2",1994,Saunders,2,,
"Fuller, Gordon ","Analytic Geometry, 7th ed.",1992,Addison-Wesley ,1,,
"Love, Clyde E.","Analytic Geometry, 5th ed.",1948,Macmillan ,1,,
"Larson, Ron",Trigonometry ,2013,Cengage Learning ,1,,
"Lial, Margaret L.","Trigonometry, 8th ed.",2006,Pearson Education ,3,,
"Lial, Margaret L.","Trigonometry, 9th ed.",2009,Pearson Education ,1,,
"Riddle, Douglas F.","Analytic Geometry, 6th ed.",2012,Cengage Learning ,2,,
"Mason, Donald K.","Elementary Statistics, 5th ed.",1992,Addison-Wesley ,1,,
"Anderson, David R.","Introduction to Statistics: Concepts and Applications, 2nd ed.",1991,West Publishing ,1,,
"Kinney, John J.",Statistics for Science and Engineering,2003,Pearson Education ,1,,
"Walpole, Ronald E.","Introduction to Statistics, 3rd ed.",2000,Pearson Education ,2,,
"Spiegel, Murray R.",Theory and Problems of Statistics ,1961,McGraw-Hill ,1,,
"Triola, Mario F.","Elementary Statistics, 6th ed.",1995,Addison-Wesley ,1,,
"Hewitt, Paul G.","Conceptual Physical Science, 2nd ed.",2000,Pearson Education ,1,,
"Marion, Jerry B.","Classical Dynamics of Particles & Systems, 3rd ed.",1988,Harcourt Brace ,1,,
"Serway, Raymond A.","College Physics, 3rd ed.",1992,Harcourt Brace ,1,,
"Webert, Robert L.","College Physics, 5th ed.",1977,McGraw-Hill ,3,,
"Young, Hugh D.","University Physics, 10th ed.",2002,Pearson Education ,1,,
"Young, Hugh D.","University Physics with Modern Physics Technology Update, V.2",2014,Pearson Education ,1,,
"Goswami, Amit",Quantum Mechanics,1992,Wm. C. Brown,1,,
"Gasiorowicz,Stephen ",Quantum Physics ,1974,John Wiley & Sons ,1,,
"Ohanian,Hans C.",Principles Of Quantum Mechanics ,1990,Prentice-Hall,1,,
"Andrews,Frank C.","Equilibrium Statistical Mechanics, 2nd ed",1963,John Wiley & Sons ,1,,
"Arfken,George ","Mathematical Methods For Physicists, 3rd ed",1985,Academic Press,1,,
"Beiser,Arthur","Concepts Of Modern Physics, 5th ed",1995,McGraw-Hall,3,,
"Williams, W.S.C.",Nuclear And Particle Physics ,1991,W.S.C. Williams ,1,,
"Brown, Lawrence S.",Chemistry For Engineering Students ,2007,Brooks/Cole,1,,
"Chang, Raymond ","Chemistry, 6th ed",1998,McGraw-Hall,1,,
Brown,"Chemistry: The Central Science,12th ed",2014,Pearson Education,1,,
"Keenan, Charles W.","General College Chemistry, 6th ed",1980,JMC Press ,3,,
"Petrucci, Ralph H.","General Chemistry:Principle And Modern Applications,8th ed",2002,Prentice-Hall,1,,
"Redmore,Fred H.",Fundamentals Of Chemistry,1997,Prentice-Hall,1,,
"Sackheim,George I.","Chemistry For The Health Sciences, 8th ed",1998,Prentice-Hall,1,,
"Stoker,Stephen H.",General Chemistry ,2012,Cengage Learning ,1,,
"Wilbraham, Anthony C.","Chemistry, 5th ed",2003,Pearson Education,1,,
"King,Brooks G.","College Chemistry, 17th ed",1997,Litton Educational Publishing,2,,
"Hargis, Larry G.",Analytical Chemistry: Principles and Techniques ,1988,Prentice-Hall ,1,,
"McMurry, John","Fundamentals of Organic Chemistry, 5th ed.",2003,Brooks/Cole,1,,
"Thompson, Graham R.",Introduction to Earth Science ,2012,Cengage Learning ,1,,
"Thompson, Graham R.",Earth Science and the Environment ,2014,Cengage Learning ,1,,
"Keeton, William T.","Elements of Biological Science, 3rd ed.",1983,W. W. Norton & Company ,1,,
"Elston, Robert C.","Essentials of Biostatistics, 2nd ed.",1995,F. A. Davis,2,,
"Mathews, Christopher K.","Biochemistry, 3rd ed.",2001,Pearson Education ,2,,
"Devlin, Thomas M. (ed.)","Textbook of Biochemistry with Clinical Correlations, 5th ed.",2002,Wiley-Liss,1,,
"Poirier, Frank E.",Understanding Human Evolution ,1987,Prentice-Hall ,1,,
"Gould, James L.","Biological Science, 6th ed.",1996,W. W. Norton & Company,1,,
"Simon, Eric J.","Campbell Essential Biology, 5th ed.",2013,Pearson Education ,1,,
"Bettelheim, Frederick A.","Introduction to General, Organic, and Biochemistry, 8th ed.",2007,Brooks/Cole,1,,
"Berg, Linda R.",Introduction to Botany,2012,Cengage Learning ,2,,
"Fuller, Harry J.","General Botany, 5th ed.",1967,Barnes & Noble,3,,
"Muller, Walter H.","Botany: A Functional Approach, 4th ed.",1979,Macmillan Publishing ,2,,
"Miller, Stephen A.","Zoology, 5th ed.",2002,McGraw-Hill ,1,,
"Hickman, Cleveland P.","Integrated Principles of Zoology, 9th ed.",1993,Mosby,1,,
"Storer, Tracy I.","General Zoology, 6th ed.",1979,McGraw-Hill ,1,,
,,,,,,
600-699,,,,,,
"Mader, Sylvia S.","Human Biology, 8th ed.",2004,McGraw-Hill ,2,,
"Apps, D.K.","Biochemistry: A Concise Text for Medical Students, 5th ed.",1992,Baillière,1,,
"Urone, Paul Peter",Physics with Health Science Applications,1986,John Wiley & Sons,3,,
"Stigliani, Joan",The Computer User's Survival Guide,1995,O'Reilly,1,,
"Metzl, Jordan D.",The Young Athlete,2002,Little Brown and Company ,1,,
"Giles-Brown, Liz",Physical Education Assessment Toolkit,2006,Human Kinetics ,1,,
"Dunn, John M.",Life During the Black Death,2000,Lucent Books,1,,
"Butcher, James N.","Abnormal Psychology, 12th ed.",2004,Pearson Education ,1,,
"Haykin, Simon","Communication Systems, 4th ed.",2001,John Wiley & Sons,1,,
"Tocci, Ronald J.","Digital Systems: Principles and Applications, 5th ed.",1991,Prentice-Hall ,1,,
"Bhattacharya, A.B.",Electronic Principles and Applications ,2009,New Central Book,1,,
"Boylestad, Robert L.","Electronic Devices and Circuit Theory, 6th ed.",1996,Prentice-Hall ,2,,
"Malvino, Albert Paul","Digital Computer Electronics, 3rd ed.",1993,Glencoe,2,,
"Mano, M. Morris","Digital Design with an Introduction to the Verilog HDL, 5th ed.",2015,Pearson Education ,1,,
"Mano, M. Morris","Introduction to Dgital Design, 4th ed.",2007,Prentice-Hall ,1,,
"Hayes, John P.",Introduction to Logic Design,1993,Addison-Wesley ,1,,
"Katz, Randy H.",Contemporary Logic Design ,1994,Benjamin/Cummings ,2,,
"Webb, John W.","Programmable Logic Controllers: Principles and Applications, 3rd ed.",1995,Prentice-Hall ,3,,
"Hopcroft, John E.","Introduction to Automata Theory, Languages and Computation",1979,Addison-Wesley ,3,,
"Lee-Ross, Darren",Entrepreneurship & Small Business Management in the Hospitality Industry ,2009,Elsevier ,2,,
"Boosselle, Arthur H.",Business Mathematics Today,1990,McGraw-Hall,1,,
"Deep,Sam",Smart Moves,1991,Addison-Wesley ,1,,
"Dias, Laura P.",Introduction To Business ,2009,The McGraw-Hill,1,,
"McKay, Dean H.",The Ultimate Book Of Business & Legal Words You Should Know,2011,F+W Media,1,,
"Stallings, William","Business Data Communications, 4th ed",2001,Prentice Hall,1,,
"Saunders, Mark","Research Methods For Business Students, 5th ed",2009,Pearson Education,1,,
"Sellers, Gene",An Introduction To Business Mathematics ,1987,CBS College,1,,
"Jensen, Cary",Harvard Graphics:The Complete Reference ,1990,McGraw-Hill,1,,
"Arn, Joseph V.",Records Management For An Information Age,1991,Delmar Publisher ,3,,
"Brantley,Clarice P.","Effective Communication For Colleges,10th ed",2007,South-Western,1,,
"Brantley,Clarice P.","Effective Communication For Colleges,10th ed",2007,South-Western,2,,
"Archer,Fred C.","General Office Procedures, 4th ed",1975,McGraw-Hill,3,,
"Kendall, Rob",Work Storming,2016,Watkins,1,,
"Louden, Kenneth C.",Programming Languages,2012,Cengage Learning,2,,
"Murphy, Herta A.","Effective Business Communications, 2nd ed",1990,McGraw-Hill,1,,
"Chiri,Judith A.","Keyboarding And Applications, 2nd ed",1993,Mcmillian/McGraw-Hill,1,,
"Johnson,Jack E.",Gregg Microcomputer Keyboard And Document Processing,1993,Glencoe/McGraw-Hill,1,,
"Anthony,Robert N.","Accounting:Text And Cases, 9th ed",1995,Irwin,3,,
"Fess, Philip E.","Accounting Principles, 2nd ed., V.1",1986,South-Western Publishing ,1,,
"Horngren, Charles T.","Accounting, 3rd ed.",1995,Prentice-Hall ,1,,
"Horngren, Charles T.",Introduction to Financial Accounting ,2014,Pearson Education ,1,,
"Ross, Kenton E.","Fundamentals of Accounting Course 1, 7th ed.",2000,South-Western Publishing ,5,,
"Perry, James T.",Building Accounting Systems Using Access2000,2001,South-Western Publishing ,1,,
"Romney, Marshall B.","Accounting Information Systems, 11th ed.",2011,Pearson Education ,2,,
"Dauderis, Henry",Basic Financial Accounting ,1982,Winston of Canada,1,,
"Spiceland, J. David","Intermediate Accounting, 3rd ed.",2005,McGraw-Hill ,3,,
"Beams, Floyd A.","Advanced Accounting, 7th ed.",2002,Pearson Education ,3,,
"Horngren, Charles T.","Cost Accounting: A Managerial Emphasis, 11th ed.",2003,Pearson Education ,3,,
"Anderson, David R.","Quantitative Methods for Business, 6th ed.",1995,West Publishing ,1,,
,ACCPAC Bedford: Integrated Accounting Version 3.3,1989,Computer Associates ,4,,
"Fuhrman, Peter H.",Computerized Accounting with Bedford ,1991,Prentice-Hall ,3,,
"Purbhoo, D.",Applications Workbook for Bedford Accounting,1988,Addison-Wesley ,1,,
"Whittington, O. Ray","Principles of Auditing & Other Assurance Services, 19th ed.",2014,McGraw-Hill ,1,,
"Watne, Donald A.","Auditing EDP Systems, 2nd ed.",2004,Pearson Education ,1,,
"Daft, Richard L.","New Era of Management: Concepts and Applications, 2nd ed.",2012,Cengage Learning ,2,,
"Dyck, Bruno",Management: Current Practices and New Directions,2013,Cengage Learning ,1,,
"Hill, Charles W.L.",Principles of Management ,2008,McGraw-Hill ,1,,
"Riggs, James L.","Industrial Organization and Management, 6th ed.",1980,McGraw-Hill ,2,,
"McShane, Steven L.",Organizational Behavior 3e,2005,McGraw-Hill ,1,,
"Montana, Patrick J.","Management, 2nd ed.",1996,Barron's Educational ,1,,
"Robbins, Stephen P.","Organizational Behavior, 9th ed.",2001,Prentice-Hall ,2,,
"Davidson,Paul",Management Core Concepts And Skills,2006,John Wiley & Sons Australia,1,,
"Weihrich,Heinz","Management A Global And Entrepreneurial Perspective,13th ed",2010,Tata McGraw-Hill Education Private Limited,2,,
"W.Y.,Raymond","Small Business Management, 3rd ed",1992,"Holt,Rinehart And Winston",1,,
"Oz,Effy","Management Information Systems, 2nd ed",2000,Course Technology A Division Of Thomson Learning,1,,
"Robbins,Stephen,P.","Introduction To Management, 9th ed",2007,Pearson Education,2,,
"Turban,Efraim",Introduction To Information Technology,2004,John Wiley & Sons,1,,
"Anthony,Robert,N.",Management Control Systems,1992,Richard D. Irwin,1,,
"Brealy,Richard,A.","Fundamentals Of Corporate Finance, 3rd ed",2001,Irwin/McGraw-Hill,3,,
"Brealy,Richard,A.","Fundamentals Of Corporate Finance, 5th ed",2007,McGraw-Hill,5,,
"Brigham,Eugene,F.","Fundamentals Of Financial Management, 10th ed",2009,South Western,1,,
"Brigham,Eugene,F.","Fundamentals Of Financial Management, 12th ed",2011,Cengage Learning Asia,1,,
"Gitman,Lawrence,J.","Principles Of Management Finance,13th ed",2013,Pearson Education Limited 2013,1,,
"Kretlow, William J.",Financial Management ,2013,Cengage Learning ,1,,
"Mowen, Maryanne M.",Managerial Accounting ,2012,Cengage Learning ,1,,
"Smart, Scott B.",Financial Management: An Introduction,2011,Cengage Learning ,1,,
"Waschka, Larry",The Complete Idiot's Guide to Getting Rich,1999,Macmillan Publishing ,1,,
"Tompkins, James A.","Facilities Planning, 4th ed.",2010,John Wiley & Sons,1,,
"Aamodt, Michael G.",Human Relations in Business ,2001,Wadsworth ,4,,
"Richards, Shola","Making Work, Work",2016,Sterling Ethos,1,,
"Snell, Scott",Human Resource Management Principles ,2012,Cengage Learning ,1,,
"Travers, Alfred W.",Supervision: Techniques and New Dimensions ,1988,Prentice-Hall ,1,,
"Chopyak, Christine ",Picture your Business Strategy ,2013,McGraw-Hill ,1,,
"Bateman,Thomas,S.","Management Leading & Collaborating In A Competitive World, 7th ed.",2007,The McGraw-Hill Companies,1,,
"Mcleod,Raymond,Jr.","Management Information System,8th ed",2001,Prentice-Hall,1,,
"Mcleod,Raymond,Jr.","Management Information Systems,9th ed",2006,Pearson Education South Asia,1,,
"Ricketts, Don","Managerial Accounting, 2nd ed.",1991,Houghton Mifflin,1,,
"Bateman, Thomas S.","Management: Leading & Collaborating in a Competitive World, 7th ed.",2007,McGraw-Hill ,1,,
"Housden, Matthew",Successful Market Research in a week,1992,Hodder & Stoughton Educational,1,,
Russ Paley,Ultimate Guide to Network Marketing: Your Step-by-Step Guide to Wealth,2001,Pearson Education ,1,,
"David, Fred R.","Strategic Management: Concepts & Cases, 8th ed.",2002,Pearson Education ,3,,
"David, Fred R.","Strategic Management: Concepts and Cases, 12th ed.",2009,Pearson Education ,1,,
"David, Fred R.","Strategic Management Concepts and Cases, 14th ed.",2013,Pearson Education ,1,,
"Maxwell, John C.",The 5 Levels of Leadership ,1995,Lockman Foundation ,1,,
"O' Loughlin, Sheryl",Killing it!,2016,HarperCollins ,1,,
"Peter, J. Paul","Marketing Management: Knowledge and Skills, 8th ed.",2007,McGraw-Hill ,1,,
"Shelly, Gary B.","Systems Analysis and Design, 4th ed.",2001,Course Technology ,3,,
"Haag, Stephen ","Management Information Systems for the Information Age, 6th ed.",2007,McGraw-Hill ,1,,
"Haag, Stephen ","Information Systems Essentials, 3rd ed.",2009,McGraw-Hill ,1,,
"McLeod, Raymond ","Management Information Systems, 9th ed.",2006,Pearson Education ,1,,
"Haag, Stephen ","Management Information Systems for the Information Age, 5th ed.",2005,McGraw-Hill ,1,,
"O'Brien, James A.","Management Information Systems, 7th ed.",2006,McGraw-Hill ,1,,
"Schwalbe, Kathy","Information Technology Project Management, 4th ed.",2007,Course Technology ,1,,
"Maxwell, John C.",Developing the Leaders Around You,1995,Injoy,1,,
"Timmons, Jeffrey A.","New Venture Creation: Entrepreneurship for the 21st Century, 7th ed.",2007,McGraw-Hill ,3,,
"Chase, Richard B.","Operations Management for Competitive Advantage, 10th ed.",2005,McGraw-Hill ,4,,
"Stevenson, William J.","Operations Management, 10th ed.",2009,McGraw-Hill ,1,,
"Besterfield, Dale H.",Total Quality Management ,1995,Prentice-Hall ,1,,
"Cateora, Philip R.","International Marketing, 12th ed.",2005,McGraw-Hill ,1,,
"Czinkota, Michael R.","International Marketing, 7th ed.",2004,South-Western ,1,,
"Dalrymple, Douglas J.","Marketing Management: Strategy and Cases, 4th ed.",1986,John Wiley & Sons,1,,
"Ferrell, O. C.",Marketing ,2013,Cengage Learning ,1,,
"Foster, Timothy ",How to be better at... Customer Care,1999,Kogan Page,1,,
"McDaniel, Carl",Marketing Principles ,2012,Cengage Learning ,1,,
"Berenbaum, Diane",How to Talk to Customers ,2007,Communico,2,,
"Wilkie, William L.","Consumer Behaviour, 2nd ed.",1990,John Wiley & Sons,1,,
"Lacobucci, Dawn","Marketing Management, 2nd ed.",2012,Cengage Learning,1,,
"Kerwin, Roger A.","Marketing The Core, 2nd ed.",2007,McGraw-Hill/Irwin,1,,
"Kotler, Philip","Principles Of Marketing, 8th ed.",2000,Pearson Education,1,,
"Kurtz, David L.","Principles Of Contemporary Marketing, 15th ed.",2012,Cengage Learning,1,,
"McCarthy, Jerome E.",Basic Marketing,1986,Irwin,1,,
"Perreault, William D.","Basic Marketing A Global-Managerial Approach, 15th ed.",2005,McGraw-Hill/Irwin,3,,
"Kalakota, Ravi",E-Business Roadmap For Success,1999,Addison-Wesley,1,,
"Hyatt, Michael",Platform Get Noticed In A Noisy World,2012,Thomas Nelson,1,,
"Cockerell, Lee",The Customer Rules,2013,Crown Business ,1,,
"Degarmo, Scott",Heart To Heart,1999,Prima,1,,
"Czinkota, Michael R.","International Marketing, 2nd ed.",1990,Dryden Press,1,,
"Strauss, Judy","E-Marketing, 17th ed.",2014,Pearson Education,1,,
"Cravens, David W.","Strategic Marketing, 8th ed.",2006,McGraw-Hill ,1,,
"Heizer, Jay","Operations Management, 6th ed.",2001,Pearson Education ,2,,
"Schonberger, Richard J.",Operations Management: Serving the Customer ,1988,Business Publications ,1,,
"Johansson,Johny K.",Contemporary Brand Management ,2015,Sage Publications ,1,,
"Mathieson, Rick",The On-Demand Brand,2010,AMACOM,1,,
"Hair, Joseph F.","Essentials of Marketing Research, 3rd ed.",2013,McGraw-Hill ,1,,
"Nicolino, Patricia F.",The Complete Idiot's Guide to Brand Management ,2001,Alpha Books,1,,
"Geller, Lois K.",Direct Marketing Techniques ,1998,Crisp Publications ,1,,
"Craig, C. Samuel","International Marketing Research, 2nd ed.",1983,Prentice-Hall ,3,,
"Keegan, Warren J.","Global Marketing, 5th ed.",2008,Pearson Education ,2,,
"Keegan, Warren J.","Global Marketing, 3rd ed.",2003,Pearson Education ,1,,
"Frederick, Howard H.",Entrepreneurship,2007,Nelson Australia ,1,,
"Chapman, Elwood N.","Sales Training Basics, 3rd ed.",1992,Crisp Publications ,1,,
"Manning, Gerald L.","Selling Today: Partnering to Create Value, 12th ed.",2012,Pearson Education ,2,,
"Weitz, Barton A.",Selling Building Partnerships,2009,McGraw-Hill ,1,,
"Devitre, Doug",Screen to Screen Selling,2016,McGraw-Hill ,1,,
"Mason, J. Barry",Modern Retailing: Theory and Practice ,1987,Business Publications ,1,,
"Arens, William F.","Contemporary Advertising, 9th ed.",2005,McGraw-Hill ,3,,
"Geankoplis, Christi J.","Transport Processes and Unit Operations, 3rd ed.",1995,Simon & Schuster,1,,
"Matthews, Martin S.","Using PageMaker 4 for the PC, 3rd ed.",1991,McGraw-Hill ,1,,
"Watanabe, Naoki",Contemporary Fashion Illustration Techniques,2008,Graphic-sha Publishing ,1,,
,,,,,,
700-799,,,,,,
"Yeager, Don",Undue Process The Ncaa's In Justice For All,1991,Sagamore,1,,
"McCullough, Bob",My Greatest Day In Golf,1997,Thomas Dunne,1,,
"Galloway, Jeff",Galloway's Book On Running,1984,Shelter Publications ,1,,
"Bordwell, David","Film Art An Introduction,10th ed",2013,McGraw-Hill,1,,
"Viera, Barbara L.","Volleyball:Steps To Success,2nd ed",1996,Human Kinetics,1,,
"Wise, Mike",Just Ballin' :The Chaotic Rise Of The New York Knicks,1999,Simon & Schuster,1,,
"Bulman, George",Play The Game Volleyball,NC,Ward Lock,1,,
"Dudley, Louise",The Humanities,1978,McGraw-Hill,2,,
"Fox, Robert A.",Basketball:The Complete Handbook Of Individual Skills,1988,Prentice-Hall ,1,,
,,,,,,
800-899,,,,,,
,English,1992,McGraw-Hill ,1,,
"Bailey, Edward P.","The Practical Writer with Readings, 2nd ed.",1989,"Holt, Rinehart, and Winston ",1,,
"Gunner, Jeanne",Beyond the Conventions: Studies in Prose Writing,1990,Harper & Row,1,,
"Epstein, Ira D.",The Proficient Reader,1985,Houghton Mifflin ,2,,
"Langan, John","College Writing Skills with Readings, 5th ed.",2001,McGraw-Hill ,1,,
"Fenkelstein, Leo","Pocketbook of Technical Writing for Engineers and Scientists, 2nd ed.",2005,McGraw-Hill ,1,,
"Mills, Gordon H.","Technical Writing, 5th ed.",1986,"Holt, Rinehart and Winston ",1,,
"Kennedy, Joyce Lain",Resumes for Dummies,1996,IDG Books,1,,
"Lucas, Stephen E.","The Art of Public Speaking, 8th ed.",2004,McGraw-Hill ,1,,
"German, Kathleen","Principles of Public Speaking, 14th ed.",2003,Pearson Education ,4,,
"Beers, Kylene",Elements of Literature 5th Course,2005,"Holt, Rinehart and Winston ",1,,
"Blackorby, Athena",Elements of Literature Introductory Course,2006,"Holt, Rinehart and Winston ",1,,
"Kennedy, X. J.","Literature: An Introduction to Fiction, Poetry, and Drama, 2nd ed.",2000,Addison-Wesley ,4,,
,Readings in World Literature ,NC,"Holt, Rinehart and Winston ",1,,
"Selassie, Bereket Habte",Eritrea and the United Nations and Other Essays ,1989,Red Sea Press,1,,
,Asian American Literature ,1999,Prentice-Hall ,1,,
"Atwood, Margaret ",The New Oxford Book of Canadian Verse in English ,1983,Oxford University Press ,1,,
"Date, S. V.",Speed Week,1999,G.P. Putnam,1,,
"Greenblatt, Stephen",Will in the World,2004,W.W. Norton,1,,
,,,,,,
900-999,,,,,,
"Digangi, Mario (ed.)",Romeo and Juliet,2012,Sterling Publishing ,1,,
"McNeill, William H.","A World History, 3rd ed.",1979,Oxford University Press ,3,,
"Blay, Rosslyn",A Living History of Parramatta,1992,Soroptimist ,1,,
"Langewiesche, William",American Ground: Unbuilding the World Trade Center,2002,North Point Press,1,,
