,BENEDICTO COLLEGE,,,,
,Senior High School References,,,,
,"As of March 21, 2023",,,,
,,,,,
,,,,,
AUTHOR,TITLE,COPYRIGHT,PUBLISHER,NO. OF COPIES,
                                                         Business Finance,,,,,
,Business Finance: Theory and Practice,2017,Abiva Publishing ,1,
"De Guzman, Angeles A.",Business Finance,2019,Lorimar Publishing ,1,
"Aduana, Nick L.",Business Finance in the Philippine Setting,2017,C &E Publishing ,1,
"Cayanan, Arthur S.",Business Finance,2017,Rex Book Store,1,
"Cayanan, Arthur S.",Business Finance ,2016,CHED,2,
                                                          Business Ethics,,,,,
"Geralde-Orjalo, Victoria","Business Ethics and Social Responsibility: Principles, Policies, Programs, and Practices",2016,Phoenix Publishing ,1,
"Zarate, Cynthia A.",Business Ethics and Social Responsibility,2018,C & E Publishing ,1,
                                                              Marketing,,,,,
"Zarate, Cynthia A.",Principles of Marketing,2017,C & E Publishing ,1,
"Ligaya, Emmanuel F.",Principles of Marketing,2017,Philippine Copyright ,1,
"Mendiola, Anna A.",Marketing for Beginners: The Principles of Marketing,2017,Phoenix Publishing ,1,
,Foundations of Marketing,2017,Abiva Publ.,1,
                                                         Business Mathematics,,,,,
"Alota, Romeo C.",Business Mathematics,2017,USC Press,1,
"Chua, Simon L.",Business Math: Soaring 21st Century Mathematics,2018,Phoenix Publ.,1,
"Timbang, Ferdinand L.",Business Mathematics,2019,C & E Publishing ,1,
"Bacani, Jerico B.",Business Mathematics,2017,C & E Publishing ,3,
"Blanco, Dante Rivera",Biz Math: Practical Approaches to Business Math for Today's Learners,2017,St. Bernadette Publishing ,1,
"Lim, Yvette F.",Business Mathematics,2016,Sibs Publishing ,1,
"Lopez-Mariano, Norma D.",Business Mathematics,2016,Rex Book Store,1,
"Rey, Mia P.",Business Mathematics,2016,CHED,2,
"Bacani, Jerico B.",Business Mathematics Answer Key,2017,C & E Publishing ,1,
"Santos, Durwin C.",Business Math,2015,Don Brosco Press,1,
"Lopez-Mariano, Norma D.",Business Mathematics: Teacher's Resource Material,2016,Rex Book Store,1,
                                                              Basic Calculus,,,,,
"Robles, Susan J.",Math Connections in the Digital Age: Basic Calculus,2016,Sibs Publishing ,3,
"Lim, Yvette",Basic Calculus,2016,Sibs Publishing ,1,
"Egarguin, Neil Jerome A.",Basic Calculus,2017,C & E Publishing ,1,
"Balmaceda, Jose Maria P.",Basic Calculus,2016,CHED,3,
,,,,,
,Applied Economics: An Introduction,2017,Abiva Publishing ,1,
"Habaradas, Raymund B.",Pathways to Entrepreneurship,2017,Phoenix Publishing ,1,
"Macatangay, Leah Alvino",Entrepreneurship,2015,Don Bosco Press,1,
"Aduana, Nick L.",Entrepreneurship in Philippine Setting,2016,C & E Publishing ,2,
,,,,,
"Gallo, Harold V.",Grammar Essentials: Creative Writing,2017,Sibs Publishing ,1,
"Villanueva, Martin V.",Narratives in and of the Mind: A Treatise on Creative Nonfiction,2016,Sibs Publishing ,2,
"Moratilla, Noel Christian A.","Claiming Spaces: Understanding, Reading, and Writing Creative Nonfiction",2016,Phoenix Publishing ,2,
"Ariola, Mariano M.",Creative Nonfiction,2018,Library Services & Publishing ,1,
"Biligan, Ramir Jimbert G.",Reinventing Life: A Workbook on Creative Nonfiction,2016,St. Augustine Publishing ,1,
"Aguila, Augusto Antonio A.",Telling the Truth: The Art of Creative Nonfiction,2017,C & E Publishing ,2,
"Sabanpan-Yu, Hope",The Art of Truth: A Comprehensive Worktext of Creative Nonfiction,2016,USC Press,1,
,,,,,
"Hermosa, Eleanor Eme E. ",Creative Writing: Young Filipino Writers For Younger Filipinos,2000,Sibs Publishing ,1,
"Cayanan, Mark Anthony R.","Fine Lines: Writing Poetry, Fiction, and Drama",2016,Sibs Publishing ,1,
"Aguila, Augusto Antonio A.",Wording the World: The Act of Creative Writing,2017,C & E Publishing ,2,
"Enricuso, Adonis Ramos",Way with Words: A Comprehensive Workbook in Creative Writing,2017,USC Press,1,
"Solmerano, Ernesto Thaddeus M.","Creative Writing, 1st ed.",2017,Fastbooks Educ. Supply,1,
,,,,,
"Ilag-Ramos, Maricel",Moving Up: A Guide to Personal and Career Development,2016,Phoenix Publishing ,2,
"Caparas, Maria Vida G.",Personal Development: Discovering the Key to Success,2018,Abiva Publishing ,1,
"Edrad, Mark David C.",A walk through adolescence,2016,St. Augustine Publishing ,1,
"Santos, Ricardo Rubio","Personal Development, 1st ed.",2016,Rex Book Store,1,
"Caral, Leo Gerard A.",Senior High and Growing Up!: A Comprehensive Worktext in Personal Development,2017,USC Press,1,
"Caubic, Rosalina A.",Personal Development,NC,Gintong Aral Publishing ,1,
,,,,,
"Aclan, Eunice M. ","Oral Communication in Context, 1st ed.",2018,DomDane Publishing ,1,
"Gutierrez-Ang, Jaime",A Content-Based and Learning Centered Text-Manual in Effective Speech Communication,2009,Katha Publishing ,1,
"Dapat, Jose Rizal O.",Oral Communication in Focus,2016,Lorimar Publishing ,2,
"Fernandez, Ana Marie O.",Speak and Listen in Context: An Oral Communication Textbook,2016,Phoenix Publishing ,3,
"Nuval, Evarista G.",Essentials of Oral Communication,2016,Books atbp. Publishing ,1,
"Dividina, Jose B.",Towards Effective Oral Communication,2016,St. Augustine Publishing ,1,
"Gasulas, Allen M.",Integrated English for Effective Communication: Oral Communication Skills,2016,Phoenix Publishing ,3,
"Gador, Sunliegh C.",Speak Confidently: A Comprehensive Worktext in Oral Communication,2016,USC Press,1,
,,,,,
"Barrot, Jessie S. ",Enhanced Teacher's Manual: Academic Reading & Writing ,2016,C & E Publishing ,1,
"Barrot, Jessie S. ",Academic Reading & Writing,2016,C & E Publishing ,5,
"Tiongson, Marella Therese A.",Reading and Writing Skills,2016,Rex Book Store,1,
"Ibona, Leah Marie R.","Headway: Read, Think, and Write",NC ,USC Press,1,
"Caubic, Rosalina A.",Reading and Writing,NC ,Gintong Aral Publishing ,1,
"Majul, Mary Ann M.",en[g] counters: Reading and Writing in the Contemporary World,2016,St. Bernadette Publishing ,1,
"Hernandez, Philippe Jose S.","Ready to Write: A Reading and Writing Textbook, 1st ed.",2017,Sibs Publishing ,1,
"Estacio, Ma. Joahna M.",Developing Reading & Writing Skills,2016,Phoenix Publishing ,1,
"Cidro, Mark Gleen O.",Integrated English for Effective Communication: Reading and Writing Skills,2016,Phoenix Publishing ,1,
"Dayagbil, Filomena T.",Critical Reading and Writing,2016,Lorimar Publishing ,1,
,,,,,
"Dela Cruz, Renato T.","Wired! : Trends, Networks, and Critical Thinking Skills in the 21st Century",2017,Phoenix Publishing ,2,
"Dela Cruz, Arleigh Ross D.","The Padayon Series: Trends, Networks, and Critical Thinking Skills in the 21st Century",2017,Phoenix Publishing ,2,
"Ariola, Mariano M.","Trends, Networks, and Critical Thinking Skills in the 21st Century",2017,Library Services & Publishing ,1,
"Martin, Maria Gabriela P.","Beyond Borders: Reading Literature in the 21st Century, 1st ed.",2016,Phoenix Publishing ,2,
"Latras, Fely B.",Literary Encounters,2016,USC Press,1,
"Urquiola, Luciana L.",Voices: 21st Century Literature from the Philippine and the World,2016,Abiva Publishing ,1,
"Solmerano, Ernesto Thaddeus M.",21st Century Literature from the Philippine and the World,2017,Fastbooks Educ. Supply,1,
"Uychoco, Marikit Tara A.","21st Century Literature from the Philippine and the World, 1st ed.",2016,Rex Book Store,2,
"Caballero, Marjorie A. ",Crossing Horizons Through 21st Century Literature,2016,St. Augustine Publishing ,1,
"Lopez, Ferdinand M.",TextScapes: 21st Cemtury Literature Landscapes of the Philippines and of the World,2017,Innovative Educ. Materials,3,
,,,,,
"Valdez, Paolo Nino M.",English for Globalized Classroom Series: English for Academic & Professional Purposes,2016,Phoenix Publ.,2,
"Miciano, Mishima Z.",Enhanced English Engagement: English for Academic & Professional Purposes,2015,Don Bosco Press,1,
"Barrot, Jessie Saraza",Communicate Today: English for Academic & Professional Purposes,2016,C & E Publishing ,11,
"Barrot, Jessie Saraza",Communicate Today: English for Academic & Professional Purposes (Revised ed),2020,C & E Publishing ,1,
"Barrot, Jessie Saraza",Enhanced Teacher's Manual: English for Academic & Professional Purposes,2016,C & E Publishing ,1,
,,,,,
"Cristobal, Amadeo Pangilinan",Practical Research 1,2017,C & E Publishing ,3,
"Chico, Alegria M.",Practical Research for the 21st Century Learners (Quantitative Research),2016,St. Augustine Publishing ,1,
"Matira, Myrna D.",Practical Research for the 21st Century Learners (Quanlitative Research),2016,St. Augustine Publishing ,2,
"Baraceros, Esther L.","Practical Research 2, 1st ed.",2016,Rex Book Store,1,
"Torneo, Ador R.",An Introduction to Quantitative Research: Practical Research 2,2017,Sibs Publishing ,1,
"Clamor-Torneo, Hiyas S.",An Introduction to Quanlitative Research: Practical Research 1,2017,Sibs Publishing ,1,
"Melegrito, Ma. Lourdes F.",Applied Research: An Introduction to Qualitative Research Methods and Report Writing,2016,Phoenix Publishing ,1,
"Clemente, Richard F.",Research in Daily Life 1,2016,Sibs Publishing ,2,
,,,,,
"Gialogo, Ryan C. ",Fit For Life: The K to 12 Physical Education and Health Textbook,2016,Phoenix Publishing ,1,
"Porto, Jerome A.",Fitness for Life: Health-Optimizing Physical Eudcation,2016,C & E Publishing ,2,
"Dy, Diana",Sports for Life: Health-Optimizing Physical Eudcation,2016,C & E Publishing ,2,
,,,,,
"Riodique, Francisco C.",UCSP: Exploring the Dynamics of Human Diversity and Adaptation,2016,Mindshapers,1,
"Atienza, Maria Ela","Culture Society, and Politics (Revised ed)",2019,C & E Publ.,1,
"Aguilar, Maria Virginia G.","Culture Society, and Politics: An Introductory text",2016,Phoenix Publishing ,2,
"Contreras, Antonio P.","Understanding Culture, Society, and Politics",2016,Phoenix Publishing ,1,
"Amper, Zona Hildegarde",Knowing our Social World: A Comprehensive Worktext in UCSP,2016,USC Press,1,
,,,,,
"Solmerano, Ernesto Thaddeus M.",Contemporary Arts from the Regions,2017,Fastbooks Educ. Supply,1,
"Ganzon, Carlo Luis C.",Journey: Contemporary Arts of the Philippines,2017,Phoenix Publishing ,4,
"Palencia, Marjueve M.","Contemporary Arts from the Regions, 2nd ed.",2017,Fastbooks Educ. Supply,1,
"Siazon-Lorenzo, Carmelita",Literatura ng Iba't Ibang Rehiyon ng Pilipinas (Revised ed),2015,Grandbooks Publishing ,1,
"Lico, Gerard",Sining Rehiyon: Contemporary Philippine Arts in the Religions,2018,C & E Publishing ,1,
                                                               Philosophy,,,,,
"Sy, Dennis ian B.",Philosophy of the Human Person: An Introduction,2018,Abiva Publishing ,1,
"Camiloza, Loreto G.",Philosophy of the Human Person: An Introductory Text,2016,Phoenix Publishing ,3,
"Abella, Roberto D.",Introduction to the Philosophy of the Human Person,2016,C & E Publishing ,6,
"Abella, Roberto D.",Introduction to the Philosophy of the Human Person: Enhanced Teacher's Manual,2016,C & E Publishing ,1,
"Calano, Mark Joseph T.",Philosophizing and Being Human,2016,Sibs Publishing ,2,
"Aguas, Jove Jim S.",Philosophy: Toward an Understanding and Appreciation of the Human Person,2017,Abiva Publishing ,1,
"Mabaquiao, Napoleon B.",Making a Life Worth Living: An Introduction to the Philosphy of the Human Person,2016,Phoenix Publishing ,2,
"Magadan, Ismael P.",Thinking Human: A Comprehensive Worktext in Introduction to the Philosophy of the Human Person,2016,USC Press,1,
,,,,,
"Manaloto, Christian B.",Pilgrimage to Sacred Spaces: An Introduction to World Religions,2016,Phoenix Publishing ,2,
"Mabaquiao, Napoleon B.",Introduction to World Religions and Belief Systems,2017,Phoenix Publishing ,2,
"Cornelio, Jayeel Serrano","Introduction to World Religions and Belief Systems, 1st ed.",2016,Rex Bok Store,1,
                                     Disaster Readiness and Risk Reduction,,,,,
"Bongalonta, Ranold P.",Disaster Preparedness 101,2019,Abiva Publishing ,1,
"Garlitos, Raymund",Disaster Readiness and Risk Reduction,2018,Innovative Educ. Materials,2,
"Estrada, Desire G.",Disasters: What You Should Know and What You Should Do,2016,St. Augustine Publishing ,1,
"Parena, Juliano S.",Disaster Readiness and Risk Reduction: Exploring Life Through Science Series,2016,Phoenix Publishing ,1,
"Luna, Emmanuel M.","Disaster Readiness and Risk Reduction: Protecting Lives, Saving Communities",2016,C & E Publishing ,1,
"Lanada, Maria Isabel B.",Disaster Readiness and Risk Reduction: Building Resilient Communities,2016,Phoenix Publishing ,1,
"Quebral, Villamor S.",Disaster Readiness and Risk Reduction,2016,Lorimar Publishing ,1,
"Rimando, Rolly E.","Disaster Readiness and Risk Reduction, 1st ed.",2016,Rex Book Store,1,
"Aurelio, Mario A.",Disaster Readiness and Risk Reduction,2016,CHED,1,
,,,,,
"Licauco, Jaime T.",Dwarves and other Nature Spirits: Their Importance to Man,2005,Rex Book Store,1,
"Jones, Sonia","Assessment, 2nd ed.",2006,Continuum Intl. Publishing ,1,
"Holt, Rinehart",Readings in World Literature,NC,"Holt, Rinehart and Winston",6,
,Asian American Literature,1999,Prentice-Hall,4,
"Carroll, Joyce Armstrong",Writing and Grammar: Communication in Action,2001,Prentice-Hall,2,
"Carlin, Diana Prentice","Public Speaking Today, 2nd ed.",1995,National Textbook Company,2,
"Probst, Robert E.",Elements of Literature (1st course),2000,"Holt, Rinehart and Winston",2,
"                                             Accountancy, Business, and Management",,,,,
"Salazar, Dani Rose C.","Fundamentals of Accountancy, Business, and Management 2, 1st ed.",2017,Rex Book Store,1,
"Palencia, Feme M.","Fundamentals of Accountancy, Business, and Management 2",2017,Fastbooks Educ. Supply,1,
"Ong, Flocer Lao","Fundamentals of Accountancy, Business, and Management 2",2017,C & E Publishing ,1,
"Ong, Flocer Lao","Fundamentals of Accountancy, Business, and Management 1",2016,C & E Publishing ,2,
"Florendo, Joselito G.","Fundamentals of Accountancy, Business, and Management 1",2016,CHED,1,
"Florendo, Joselito G.","Fundamentals of Accountancy, Business, and Management 2",2016,CHED,2,
,"Fundamentals of Accountancy, Business, and Management 2 ",2017,Abiva Publishing ,1,
                                                           Pre-Calculus,,,,,
"Cuenco, Anthony",Pre-Calculus,2016,C & E Publishing ,1,
"Orines, Fernando B.",Next Century Mathematics Precalculus,2016,Phoenix Publishing ,3,
"Vilale, Jason E.",PreCalculus,2018,Innovative Educ. Materials,1,
"Chua, Simon L.",PreCalculus: Soaring 21st Century Mathematics,2016,Phoenix Publishing ,3,
"Urgel, Edwin",Pre-Calculus: Analytical Approach,2017,USC Press,1,
"Garces, Ian June L.",PreCalculus,2016,CHED,3,
"Melosantos, Luis Allan B.",Math Connections in the Digital Age: Precalculus,2016,Sibs Publishing ,2,
"Lim, Yvette",Precalculus: Math for Engaged Learning,2016,Sibs Publishing ,2,
"Pelias, John Gabriel P.","Pre-Calculus, 1st ed.",2016,Rex Book Store,1,
"Garces, Ian June L.",PRECALCULUS,2016,CHED,1,
                                                          General Mathematics,,,,,
"Orines, Fernando B.",Next Century Mathematics General Mathematics,2016,Phoenix Publishing ,3,
"Mercado, Jesus P.",Next Century Mathematics Statistics & Probability,2016,Phoenix Publishing ,1,
"Morales, Roderick Z.",General Mathematics Made Simple`,2019,Mindshapers,1,
"Regacho, Corazon F.",Mathematics Skills for Life,2017,Abiva Publishing ,1,
"Flores, Maricar","Worktext in General Mathematics: Activity-based, Scaffolding of Student Learning Approach",2016,C & E Publishing ,1,
"Robes, Criselle E.",Learning General Mathematics,2016,St. Augustine Publishing ,1,
"Lim, Yvette",General Mathematics: Math for Engaged Learning,2016,Sibs Publishing ,1,
"Chua, Renard Eric",General Mathematics: Soaring 21st Century Mathematics,2016,Phoenix Publishing ,3,
"Oronce, Orlando, A.","General Mathematics, 1st ed.",2016,Rex Book Store,1,
"Verzosa, Debbie Marie B.",General Mathematics: Teaching Guide,2016,CHED,2,
"Zorilla, Roland S.",General Mathematics,2016,Jo-es Publishing ,1,
"Melosantos, Luis Allan B.",Math Connections in the Digital Age: General Mathematics,2016,Sibs Publishing ,2,
"Piramide, Jennefer M.","Functions, Investment & Logic: Keys to the Real World",2017,USC Press,1,
,,,,,
"Marquez, Servillano T.",Pagbasa at Pagsusuri ng Iba't Ibang Teksto tungo sa Pananaliksik,2016,Sibs Publishing ,1,
"Atanacio, Heidi C.",Pagbasa at Pagsulat tungo sa Pananaliksik,2009,C & E Publishing ,1,
"Evasco, Eugene Y. ",Pagbasa at Pagsulat sa Piling Larangan (Akademik),2017,C & E Publishing ,9,
"Ampil, Roberto D.",Komunikasyon at Pananaliksik sa Wika at Kulturang Pilipino,2017,Abiva Publishing ,1,
"Nuncio, Rhoderik V.",Pagbasa at Pagsusuri Tungo sa Pananaliksik,2017,C & E Publication ,5,
"Villaruel, Rosie R.",Malikhaing Pagsulat,2016,Sibs Publishing ,2,
"Constantino, Pamela C.",Filipino sa Piling Larangan (Akademik),2016,Rex Book Store,1,
"Dayag, Alma M.",Pinagyamang Pluma: Komunikasyon at Pananaliksik sa Wika at Kulturang Pilipino,2016,Phoenix Publishing ,2,
"Marquez, Servillano T.",Komunikasyon at Pananaliksik sa Wika at Kulturang Pilipino,2016,Sibs Publishing ,2,
"Garcia, Florante C.",Filipino sa Piling Larangan (Akademik),2016,Sibs Publishing ,2,
"Nuncio, Rhoderik V.",Komunikasyon at Pananaliksik sa Wika at Kulturang Pilipino,2016,C & E Publication ,7,
"Lucero, Cornelia Perez",Komunikasyon at Pananaliksik sa Wika at Kulturang Pilipino,NC,Gintong Aral Publishing ,1,
,,,,,
"Punzalan, Jervee M.",Science in Today's World: Physical Science,2016,Sibs Publishing ,1,
"Caintic, Helen E.",Physical Science,2016,C & E Publication ,7,
"Caintic, Helen E.",Physical Science: Enhanced Teacher's Manual,2016,C & E Publication ,2,
"Camacho, Drexel H.",Fundamentals of Physical Science,2018,Abiva Publishing ,1,
,,,,,
"Soco-Roda, Maria Andrea",Social Sciences in a Globalizing World: Interdisciplinary Perspectives for Filipino Students,2017,Sibs Publishing ,1,
"Tatel, Carlo Peña","Disciplines and Ideas in the Social Sciences, 1st ed.",2016,Rex Book Store,2,
"Dela Cruz, Arleigh Ross D.",Disciplines and Ideas in the Social Sciences,2016,Phoenix Publishing ,1,
"Pawilen, Greg Tabios",Disciplines and Ideas in the Social Sciences ,2019,C & E Publication ,1,
"Abadingo, Lourdes",Disciplines and Ideas in the Applied Social Sciences ,,,1,
,,,,,
"Esguerra, Jose Perico H.",Physical Science: Teaching Guide,2016,CHED,1,
"Baguio, Sol Saranay M.",Breaking Through General Chemistry,2017,C & E Publishing ,1,
"Lim, Patrick John Y.",The Study of Matter,2016,USC Press,1,
"Nucum, Zenaida T.",General Chemistry 1,2017,C & E Publishing ,1,
"Davies, Lucille",Chemistry 12,2008,Thomson Nelson,1,
"Rodriguez, Myrna S.",General Chemistry 2,2016,CHED,2,
"Patalinghug, Wyona C.",General Chemistry 1,2016,CHED,2,
"Maquiling, Joel T.",General Physics 2,2016,CHED,3,
"Esguerra, Jose Perico H.",General Physics 1,2016,CHED,2,
"Reyes, Cristopher G.",General Physics 1,2018,Mindshapers,1,
"Hirsch, Alan J.",Physics 12,2008,Thomson Nelson,1,
"Caintic, Helen E.",General Physics 2,2018,C & E Publishing ,1,
,,,,,
,,,,,
"Brawner, Dalisay G.",UNDERSTANDING the SELF,2018,C & E Publishing ,1,
"Magalona, Ethel D.", UNDERSTANDING THE SELF: DEVELOPING LIFE SKILLS,2018,Mindshapers,1,
"Leano, Roman D.",ETHICS FOR COLLEGE: CHED CURICULUM,2018,Mindshapers,1,
"Nabor-Nery, Maria Imelda P.",ETHICS FOR COLLEGE: CHED CURICULUM,2003,Katha Publishing ,1,
,,,,,
"Cayanan, Mark Anthony R.","Fine Lines: Writing Poetry, Fiction, and Drama",2016,Sibs Publishing ,1,
"Aguila, Augusto Antonio A.",Wording the World: The Art of Creative Writing,2017,C & E Publishing ,2,
"Enricuso, Adonis Ranos",Way with Words,2017,SoLINE Publ.,1,
"Solmerano, Ernesto Thaddeus M.",Creative Writing,2017,Fastbooks Publ.,1,
"Ariola, Mariano M.","Trends, Networks, and Critical Thinking Skills ",2017,Unlimited Books Publ.,3,Teacher's Copy Only
,,,,,
,,,,,
Creative NON-FICTION,,,,,
"Ariola, Mariano M.",Creative NON-FICTION,2018,Unlimited Books Publ.,1,
"Villanueva, Martin V.",Narratives in and of the  MIND; A Treatise on Creative Nonfiction,2016,Sibs Publishing ,2,
"Moratilla, Noel Christian A.","CLAIMING SPACES: UNDERSTANDING, READING, AND WRITING CREATIVE NONFICTION",2016,Phoenix Publ.,2,
"Biligan, Ramir Jimbert G.",Reinventing Life,2016,St. Augustine Publ.,1,
"Aguila, Augusto Antonio A.",Telling the Truth: The Art of Creative Nonfiction,2017,C & E Publ.,2,
"Sabanpan-Yu, Hope",THE ART OF TRUTH,2016,SoLINE Publ.,1,
,,,,,
"Rea, Maria Angelica D.","GENERAL BIOLOGY 1, 1st ed.",2017,Rex Book Store,1,
"Reyes, Juan Apolinario C.",BIOLOGY 2,2019,Unlimited Books Publ,1,
"Suyom, Lani M.",Breaking THROUGH GENERAL BIOLOGY ,2018,C & E Publ.,2,
"Morales-Ramos, Anna Cherylle",Exploring Life Through Science; GENERAL BIOLOGY 1,2017,Phoenix Publ.,1,
"Evangelista, Luisito T.",GENERAL BIOLOGY 1 ,2017,C & E Publ.,1,
"Giusppe, Maurice D.",BIOLOGY 11,2008,Thompson Nelson,1,
"Claveria, Florencia G.",GENERAL BIOGLOGY 1,2016,CHED,4,
"Duka, Ivan Marcelo A.",GENERAL BIOLOGY 2 ,2016,CHED,1,
,,,,,
COMPUTER PROGRAMMING /EMPOWERMENT TECHNOLOGIE,,,,,
"Lavina, Charlemagne Garcia",Outcomes-Based Practical Guide to Thesis and Capstone Project Writing in Computing,2022,"Mindshapers Co., Inc.",3,
"Penullar, Neil Oliver T.","HUMSS Fusion: Work Immersion, Research, Career Advocacy, Culminating Activity",2017,Phoenix  Publishing ,1,
"Melegrito, Ma. Lourdes F.","Zeal For Action: Community Engagement, Solidarity, and Citizenship",2016,Phoenix  Publishing ,1,
"Dela Cruz, Arleigh Ross D.","Application and Practice of Research for Senior High School: Inquiries, Investigation, and Immersion",2017,Phoenix  Publishing ,1,
"Semorlan, Ava Ann P.","Community Engagement, Solidarity, and Citizenship",2018,,1,
Jemma  Dev. Group,Empowerment Technology: Information  and Communications Technology in Business and Society,2017,Jemma Publishing ,1,
,"EMPOWERMENT TECHNOLOGIES: Innovative Training Works, 1st ed.",2016,Rex Book Store,2,
"Yuvienco, Joel C.",EMPOWERMENT TECHNOLOGIES: Making small Shifts towards a BIG Difference,2017,C & E Publishing ,1,
"Callo, Erwin Reyes",Empowerment Technologies,2017,Sibs Publishing,1,
,"COMPUTER PROGRAMMING Volume I: Innovative Training Works, 1st ed.",2016,Rex Book Store,1,
,"ANIMATION Volume I: Innovative Training Works, 1st ed.",2016,Rex Book Store,1,
,"COMPUTER PROGRAMMING Volume II: Innovative Training Works, 1st ed.",2017,Rex Book Store,1,
"Valdivia, John Christian B.",Technical vocational livelihood: Programming ORACLE Database,2016,Phoenix Publishing ,1,
Jemma Dev. Group,VisuaL Guide: Microsoft Excel 2016,2018,Jemma Inc.,1,
Jemma Dev. Group, Empowerment Techonology: Information and Communications Technology in Business and Society,2017,Jemma Inc.,1,
"Delfinado, Cecil Jose A.",Data Strucures and Algorithms,2016,C & E Publishing ,1,
"Pomperada, Jake R.",INTRODUCTION TO JAVA PROGRAMMING: REVISED EDITION,2018,Mindshapers ,1,
,,,,,
"Burderos, Maria Luisa K. ","Think, Click & Share: A Comprehensive Worktext in Media and Information Literacy",2017,SoLINE Publishing ,1,
"Campos, Patrick F.",From Cave to  Cloud; MEDIA  AND INFORMATION LITERACY FOR  TODAY,2016,Phoenix  Publishing ,3,
"Zarate, Maria Jovita E.",Media And Information Literacy,2016,Rex Book Store,2,
"Pitagan, Ferdinand B.",Media And Information Literacy,2016,CHED,1,
"Yuvienco, Joel C.",Media And Information Literacy; Being B.E.S.T Digital Citizen for Senior High School,2017,C & E Publishing ,2,
"Alagaran, Jose Reuben Q.",Medid And Information Literacy; Empower the Discerning Audiences ,2017,Abiva Publication ,1,
"Dimilanta, Roel Benavidez",Freeing the Writer in You; Campus Journalism for the 21st Century Learners ,2016,St. Augustine Publishing ,1,
"Hidalgo, Ligaya C.",Media Trends; Importance of  New Media Technology to Modern Filipinos,2015,Don Bosco Press,1,
,"Computer Programming Volume I: Teacher's Resource Material, 1st ed.",2016,Rex Book Store,1,
,,,,,
,,,,,
"De Guzman, Danilo",STATISTIC & PROBABILITY,2017,C & E Publishing ,3,
"Reston, Enriqueta D.",Seeing the World Through Statistic and Probability,2017,SoLINE Publishing ,1,
"Melantos, Luis Allan B.",Math Connections in the Digital Age: Statistic and Probability,2016,Sibs Publishing ,1,
"Lim, Yvette F.",STATISTIC & PROBABILITY: MATH for ENGAGED LEARNING ,2016,Sibs Publishing ,1,
"Baccay, Elisa S.",STATISTIC AND PROBABILITY,2019,Rex Book Store,1,
"Parreno, Elizabeth B.",BASIC STATISTIC: A Woorktext,2006,C & E Publishing ,1,
Remoto Ocampo Shirlee,"PROBABILITY, STATISTICS,and APPLICATIONS",2017,ABIVA ,1,
"Dumayas Matira, Myrna",DATA HANDLING: ESSENTIALS OF STATISTICS AND PROBABILITY FOR THE 21ST CENTURY LEARNERS,2016,St. Augustine,1,
"Albert, Jose Ramon G.",STATISTIC AND PROBABILITY: CORE SUBJECT,2016,CHED,1,
,,,,,
"Pascua, Rosalinda S.",Technical vocational livelihood: Food Processing,2016,Phoenix Publishing ,1,
"Gatungay, Junal O. ",Introduction to MARITIME SAFETY,2017,Phoenix Publishing ,1,
"Versoza, Raquel F.",TLE-TVL: Travel Services,2016,Phoenix Publishing ,1,
"Nieves, Grace R.",TLE-TVL: Bread and Pastry Production,2016,Phoenix Publishing ,1,
"Papa, Richard",Technical vocational livelihood: Fashion Design,2017,Phoenix Publishing ,1,
"Morano Sulla, Rose Ann",TLE-TVL: Food and Beverages Services,2016,Phoenix Publishing ,1,
"Jerusalem, Leo Benjamin L.",FOOD AND BEVERAGES SERVICES (NC II),2017,Fastbook Publishing ,1,
"Bejarasco, Carlo B.",Technical vocational livelihood: Caregiving,2016,Phoenix Publishing ,1,
"Versoza, Raquel F.",TLE-TVL: Local Guiding Services,2016,Phoenix Publishing ,1,
"Odal, Teri Orlan C. ",Introduction to MARITIME Career,2017,Phoenix Publishing ,1,
"Queja, Jovelyn S.",Technical vocational livelihood: Consumer Electronics Servicing,2016,Phoenix Publishing ,1,
"Ebonite, Romeo S.","DOMESTIC REFRIGERATION AND AIR-CONDITIONING SERVICING, V.1",2016,Rex Bookstore,1,
"Inong,Philip Albert Francis V. ",Introduction to MARINE Transportation and Engineering,2017,Phoenix Publishing ,1,
"Urbiztondo, Laarni A.",HOUSEKEEPING,2016,Rex Bookstore,1,
"Vivas, Jennifer F.",TLE-TVL: Housekeeping,2016,Phoenix Publishing ,1,
"Caronan, Mary Grace D.","HOUSEKEEPING FUNDAMENTALS, 1st ed.",2017,Mindshapers,2,
,,,,,
"Silverio, Angelina A.",Exploring Life Through Science: GENERAL PHYSICS 1,2017,Phoenix Publishing ,2,
"Duka, Ivan Marcelo A.",Earth and Life Science: Teaching Guide,2016,CHED,1,
"De Silva, Leopoldo ",Earth and Life Science: Teaching Guide,2016,CHED,1,
"Sia, Shila Rose D.",Earth and Life Science,2016,Sibs Publishing ,3,
"Cadiz, Arlon P.",Fundamentals of Eart Science,2016,Mindshapers,1,
,Earth and Life Science (Ph ed),2016,Rex Book Store,1,
"Peña, Manolo G.",Science Connects,2018,Gintong Aral Publishing ,1,
"Cadiz, Arlon P.",Fundamentals of Earth & Life Science,2017,Mindshapers,1,
"Duyanen, Joselito P.",Earth and Life Sciences,2016,C & E Publishing ,7,
"Nucum, Zenaida T.",Earth Science,2016,Book Atbp. Publishing ,1,
"Papa, Rey Donne S.",Earth & Life Science: Knowing and Understanding Nature,2016,Abiva Publication ,1,
"Quinto, Myrna P.",Earth Science,2017,Mutya Publishing ,1,
"Felicerta, Corazon N.",Breaking Through Earth Science,2017,C & E Publishing ,1,
"Vengco, Lilia G.",You and the Natural World: Earth and Life Science,2016,Phoenix Publishing ,1,
